Nome,cpf/cnpj,contrato
COMERCIAL DMA AUTO PEÇAS LTDA,13.499.923/0001-81,1578658551.0
COMERCIAL DMA AUTO PEÇAS LTDA,13.499.923/0001-81,1568936306.0
,30.398.618/0001-12,1565963645.0
VGR COMERCIAL EIRELI - ME,07.627.460/0001-93,1565709805.0
,23.009.866/0001-69,1578062515.0
,08.862.793/0001-60,1576156093.0
,23.009.866/0001-69,1575713438.0
CONSIGGA COMÉRCIO E SERVIÇOS LTDA - ME,11.522.373/0001-49,1575655697.0
JUMEL DISTRIBUIDORA DE MEDICAMENTOS EIRELI,,1575712515.0
,01.226.416/0001-95,1574193595.0
TOMOGRAFIA MACAÉ LTDA,36.578.565/0001-06,1573300531.0
LIGA HOSPITALAR EIRELI,29.259.075/0001-73,1573600566.0
,19.750.117/0001-10,1574439285.0
L. P. DE OLIVEIRA ME,,1574450714.0
PHILIPS MEDICAL SYSTEMS LTDA,58.295.213/0021-11,1573256602.0
,10.565.592/0001-42,1572445078.0
EBERSON S. GONÇALVES - ME,35.772.961/0001-07,1572397007.0
SUPER CENTER CAMPOS E PRODUTOS MÉDICOS EIRELI,23.009.866/0001-69,1571465959.0
GFE DO BRASIL LTDA,55.126.981/0001-00,1570208725.0
,04.211.341/0001-67,1568672802.0
PHILIPS MEDICAL SYSTEMS LTDA,58.295.213/0001-78,1568859243.0
HOSPINOVA DISTRIBUIDORA DE PRODUTOS HOSPITALARES LTDA,,1567807243.0
HOSPINOVA DISTRIBUIDORA DE PRODUTOS HOSPITALARES LTDA,,1567000933.0
MARTELL COMÉRCIO DE PRODUTOS HOSPITALARES LTDA,,1567028307.0
HIS TECNOLOGIA E SISTEMAS LTDA,13.382.260/0001-10,1565909792.0
L. P. DE OLIVEIRA ME,05.602.403/0001-24,1566665793.0
ACF DA SILVA LTDA ME,10.555.527/0001-36,1574204557.0
ACF DA SILVA LTDA ME,,1565208864.0
ANTONIO SILVA BATISTA 00716349752 ME,33.335.091/0001-75,1562772275.0
,21.515.556/0001-90,1561646027.0
E. J. I. FIEL TURISMO LTDA ME,03.632.896/0001-10,1560369418.0
VALDELICIA R. DA SILVA SERV. DE BUFFET ME,14.310.562/0001-46,1559161581.0
PHILIPS MEDICAL SYSTEMS LTDA,58.295.213/0001-78,1553816630.0
WHITE MARTINS GASES INDUSTRIAIS DO NORDESTE LTDA,24.380.578/0020-41,1553843009.0
TOMOGRAFIA MACAÉ LTDA,36.578.565/0001-06,1552535751.0
MEDICORDIGITAL TECNOLOGIA LTDA,,1552568432.0
EBERSON S. GONÇALVES - ME,35.772.961/0001-07,1552552782.0
,02.976.782/0001-24,1552151115.0
,13.588.203/0001-92,1552075381.0
,10.957.463/0001-08,1552096857.0
LAURO PEDRO AMBRÓZIO,30.573.587/0001-99,1575077923.0
NEWEASY SOLUÇÕES EM TECNOLOGIA LTDA EPP,19.750.117/0001-10,1573721144.0
MEGANET RJ INFORMÁTICA E TELECOMUNICAÇÕES LTDA,11.953.467/0001-72,1573753504.0
SHOPPING DO PISO E DECORAÇÕES DE ESCRITÓRIO LTDA,02.808.910/0002-01,1573160741.0
CAIXA ECONÔMICA FEDERAL,00.360.305/0001-04,1572669795.0
SIT MACAÉ TRANSPORTE S/A,11.889.780/0001-99,1572707010.0
MASTER DE CACHOEIRO MÓVEIS E EQUIPAMENTO DE ESCRITÓRIO EIRELI EPP,32.430.761/0001-70,1572045487.0
AVANT PROJECT SERVIÇOS E COMÉRCIO LTDA,28.769.121/0001-11,1571848022.0
,14.385.361/0001-08,1571835412.0
DIGRAPEL DISTRIBUIDORA DE PAPEL LTDA EPP,27.740.877/0001-75,1571841442.0
MEGANET RJ INFORMÁTICA E TELECOMUNICAÇÕES LTDA,11.953.467/0001-72,1569390919.0
JEVINETWORK COMÉRCIO E SERVIÇOS LTDA EPP,09.305.646/0001-51,1566654357.0
"NEWEASY SOLUÇÕES EM TECNOLOGIA LTDA EPP,",19.750.117/0001-10,1566594500.0
H. BOY OTZ JUNIOR COMÉRCIO E SERVIÇOS ME,14.811.518/0001-10,1566610404.0
E. J. I. FIEL TURISMO LTDA ME,03.632.896/0001-10,1559916972.0
,14.385.361/0001-08,1559052955.0
,14.385.361/0001-08,1558627443.0
SHOPPING DO PISO E DECORAÇÕES DE ESCRITÓRIO LTDA,02.808.910/0002-01,1558081836.0
SHOPPING DO PISO E DECORAÇÕES DE ESCRITÓRIO LTDA,02.808.910/0002-01,1558071399.0
,18.491.919/0001-90,1558031227.0
COFRANZA CONSTRUTORA LTDA,03.396.992/0001-06,1571120138.0
PAINEL COMERCIAL E INSTALAÇÕES LTDA ME,07.195.297/0001-37,1555667287.0
SERCON CONSTRUÇÕES EIRELI EPP,01.309.292/0001-01,1553889152.0
SERCON CONSTRUÇÕES EIRELI EPP,,1571105493.0
PETROBRAS DISTRIBUIDORA S.A,34.274.233/0001-02,1553196280.0
ÉPORA CONSULTORIA E SERVIÇOS EIRELI EPP,22.683.893/0001-50,1551325073.0
IMUNE GUERRA SERVIÇOS LTDA-EPP,03.617.464/0001-30,1549917168.0
,08.836.146/0001-83,1549511975.0
MACABU E MACABU LTDA EPP,31.665.011/0001-14,1549359517.0
CONSTRUART CONSTRUTORA EIRELI ME,25.078.888/0001-06,1575098103.0
H. BOY OTZ JUNIOR COMÉRCIO E SERVIÇOS ME,14.811.518/0001-10,1548246903.0
,13.355.806/0001-44,1562310442.0
,02.976.782/0001-24,1574496326.0
SEMINTER SERVIÇOS DE MANUTENÇÃO E COMÉRCIO LTDA,31.856.735/0001-45,1547143578.0
ABBOTT LABORATÓRIOS DO BRASIL LTDA,56.998.701/0033-01,1545959857.0
TECNOBOTICA FARMÁCIA DE MANIPULAÇÃO LTDA,08.862.793/0001-60,1547882098.0
HOSPINOVA DISTRIBUIDORA DE PRODUTOS HOSPITALARES LTDA,,1547799715.0
TOTAL CLÍNICA MÉDICA E EXAMES - EIRELI,27.851.128/0001-15,1544743257.0
MARTELL COMÉRCIO DE PRODUTOS HOSPITALARES LTDA,,1543383790.0
WORLD LIFE MEDICAL INDÚSTRIA E COMÉRCIO LTDA,12.978.514/0001-03,1541195213.0
LLC COMÉRCIO E EMPREENDIMENTOS EIRELLI ME,16.782.207/0001-03,1578015973.0
E. J. I. FIEL TURISMO LTDA ME,03.632.896/0001-10,1578050650.0
,90.400.888/0001-42,1546475564.0
SUGA RÁPIDO II LIMPEZAS INDUSTRIAIS LTDA.,04.144.462/0001-33,1576912884.0
"SÃO MARCOS TERRAPLANAGEM E CONSTRUÇÃO LTDA,",33.462.862/0001-95,1576008177.0
,33.462.862/0001-95,1562073763.0
,19.289.562/0001-25,1574511975.0
LN CARVALHO COMÉRCIO E SERVIÇOS LTDA ME,,1543887266.0
LOYAL EMPREENDIMENTOS EIRELI ME,21.973.879/0001-28,1543678237.0
LGX COMÉRCIO E SERVIÇOS DE DISTRIBUIÇÃO EIRELI,18.491.919/0001-90,1543684336.0
BY INFORMATION TECHNOLOGY SOLUTIONS EIRELI,13.786.746/0001-14,1543032859.0
TECLADO DISTRIBUIDORA DE MÁQUINAS E SERVIÇOS EIRELI EPP,32.097.040/0001-90,1543097317.0
TECLADO DISTRIBUIDORA DE MÁQUINAS E SERVIÇOS EIRELI EPP,32.097.040/0001-90,1571841043.0
DESTAQUE CONSTRUTORA EIRELI ME,01.226.482/0001-65,1543017903.0
DISTRIBUIDORA DE ALIMENTOS CAMPISTA LTDA EPP,30.110.332/0001-90,1547552654.0
,29.115.474/0001-60,1547552654.0
DISTRIBUIDORA DE ALIMENTOS CAMPISTA LTDA EPP,30.110.332/0001-90,1541812288.0
SEMARE ELEVADORES LTDA ME,02.453.608/0001-05,1541851815.0
SEMARE ELEVADORES LTDA ME,02.453.608/0001-05,1572689819.0
DELFISS ENGENHARIA LTDA.,02.164.313/0001-00,1576644363.0
,02.164.313/0001-00,1563999611.0
BANCO BRADESCO S/A,60.746.948/0001-12,1542153452.0
VALOR SOCIEDADE DE CRÉDITO AO MICROEMPREENDEDOR E À EMPRESA DE PEQUENO PORTE LTDA,07.799.277/0001-75,1541831667.0
L. P. DE OLIVEIRA ME,05.602.403/0001-24,1564515386.0
,05.602.403/0001-24,1571196775.0
,05.602.403/0001-24,1541819747.0
STARTEC INFORMÁTICA E GAMES VENDAS E ASSISTÊNCIA EIRELI,30.788.639/0001-44,1541799978.0
LLC COMÉRCIO E EMPREENDIMENTOS EIRELI ME,16.782.207/0001-03,1572948149.0
SIT MACAÉ TRANSPORTE S/A,11.889.780/0001-99,1539733296.0
TELEMAR NORTE LESTE S/A,33.000.118/0001-79,1538864999.0
TELEMAR NORTE LESTE S/A,33.000.118/0001-79,1569544218.0
UP SOLUÇÕES LTDA EIRELI - ME,08.723.878/0001-67,1538793910.0
DESTAQUE CONSTRUTORA EIRELI ME,,1571139255.0
DESTAQUE CONSTRUTORA EIRELI ME,01.226.482/0001-65,1538569420.0
SEMARE ELEVADORES LTDA ME,02.453.608/0001-05,1538533554.0
SEMARE ELEVADORES LTDA ME,02.453.608/0001-05,1569993786.0
"NEWEASY SOLUÇÕES EM TECNOLOGIA LTDA EPP,",19.750.117/0001-10,1567570688.0
NEWEASY SOLUÇÕES EM TECNOLOGIA LTDA EPP,19.750.117/0001-10,1537969770.0
"NEWEASY SOLUÇÕES EM TECNOLOGIA LTDA EPP,",19.750.117/0001-10,1564518441.0
KROFMAN COMÉRCIO E SERVIÇOS LTDA ME,08.705.901/0001-90,1566274382.0
KROFMAN COMÉRCIO E SERVIÇOS LTDA ME,08.705.901/0001-90,1569964471.0
LABORATÓRIO TAFURI DE PATOLOGIA LTDA,21.515.556/0001-90,1538052008.0
BANCO DO BRASIL S.A,,1537232989.0
MARTELL COMÉRCIO DE PRODUTOS HOSPITALARES LTDA,,1537270627.0
,35.820.448/0012-99,1537302619.0
SERCON CONSTRUÇÕES EIRELI EPP,01.309.292/0001-01,1568068581.0
SERCON CONSTRUÇÕES EIRELI EPP,01.309.292/0001-01,1536096427.0
ENGE-CAMPOS CONSTRUÇÕES EIRELI,26.116.884/0001-38,1571079104.0
TELEFÔNICA BRASIL S/A,02.558.157/0001-62,1568058129.0
DECLINK - DESENVOLVIMENTO E CONSULTORIA DE INFORMÁTICA LTDA,74.039.116/0001-70,1566289095.0
WHITE MARTINS GASES INDUSTRIAIS LTDA,35.820.448/0012-99,1533810840.0
,26.116.884/0001-38,1560893507.0
INTERSEA AMBIENTAL COMÉRCIO E SERVIÇOS LTDA - ME,07.110.546/0001-44,1571688998.0
DINAMAN EQUIPAMENTOS PARA LABORATÓRIOS LTDA,68.581.198/0001-88,1532787659.0
GOVERNANÇABRASIL S/A TECNOLOGIA E GESTÃO EM SERVIÇOS,00.165.960/0001-01,1566642861.0
GOVERNANÇABRASIL S/A TECNOLOGIA E GESTÃO EM SERVIÇOS,00.165.960/0001-01,1531600591.0
R. P. FILHO SERVIÇOS HIDRÁULICOS LTDA,01.299.537/0001-67,1562313555.0
DESTAQUE CONSTRUTORA EIRELI ME,,1562858397.0
DESTAQUE CONSTRUTORA EIRELI ME,01.226.482/0001-65,1530806883.0
COFRANZA CONSTRUTORA LTDA,03.396.992/0001-06,1530747897.0
COFRANZA CONSTRUTORA LTDA,03.396.992/0001-06,1562711503.0
SERCON CONSTRUÇÕES EIRELI EPP,01.309.292/0001-01,1530218752.0
BANCO OLÉ BONSUCESSO CONSIGNADO S.A,,1545912248.0
BANCO OLÉ BONSUCESSO CONSIGNADO S.A,,1526974888.0
BANCO BS2 S/A,71.027.866/0001-34,1545905092.0
BANCO BS2 S/A,71.027.866/0001-34,1526993966.0
BANCO ARBI S/A,54.403.563/0001-50,1527009842.0
SERCON CONSTRUÇÕES EIRELI EPP,,1560882082.0
MAPFRE SEGUROS GERAIS S/A,61.074.175/0001-38,1525507502.0
MARTELL COMÉRCIO DE PRODUTOS HOSPITALARES LTDA,02.956.455/0001-00,1525516104.0
E. J. I. FIEL TURISMO LTDA ME,03.632.896/0001-10,1557816226.0
E. J. I. FIEL TURISMO LTDA ME,03.632.896/0001-10,1572506424.0
,03.656.245/0001-60,1523947167.0
MRA COMÉRCIO DE INSTRUMENTOS ELETRÔNICOS,07.041.060/0001-00,1523543121.0
WHITE MARTINS GASES INDUSTRIAIS DO NORDESTE LTDA,24.380.578/0020-41,1523006332.0
WHITE MARTINS GASES INDUSTRIAIS DO NORDESTE LTDA,24.380.578/0020-41,1523033967.0
INTERSEA AMBIENTAL COMÉRCIO E SERVIÇOS LTDA-ME,07.110.546/0001-44,1522206549.0
LIMPATECH SERVIÇOS E CONSTRUÇÕES LTDA,35.780.956/0001-38,1556228465.0
LIMPATECH SERVIÇOS E CONSTRUÇÕES LTDA,35.780.956/0001-38,1550119037.0
TOMOGRAFIA MACAÉ LTDA,36.578.565/0001-06,1521862820.0
BRUTA CONSTRUTORA E EMPREENDIMENTOS EIRELI EPP,17.232.744/0001-34,1556981723.0
SEMARE ELEVADORES LTDA ME,02.453.608/0001-05,1542782836.0
FOUR INFO DESENVOLVIMENTO DE SOFTWARE LTDA - EPP,05.340.254/0001-72,1540927852.0
FOUR INFO DESENVOLVIMENTO DE SOFTWARE LTDA - EPP,05.340.254/0001-72,1560266162.0
GOVERNANÇABRASIL S/A TECNOLOGIA E GESTÃO EM SERVIÇOS,00.165.960/0001-01,1540617991.0
,01.309.292/0001-01,1577172168.0
BRUCKE ENGENHARIA LTDA ME,19.289.562/0001-25,1557350040.0
COFRANZA CONSTRUTORA LTDA,03.396.992/0001-06,1527605469.0
COFRANZA CONSTRUTORA LTDA,03.396.992/0001-06,1550857542.0
PHILIPS MEDICAL SYSTEMS LTDA,58.295.213/0021-11,1513188643.0
,05.961.368/0001-30,1512743430.0
L H PLUS COMERCIO E SERVIÇOS DE COMUNICAÇÃO LTDA EPP,20.067.755/0001-10,1512733847.0
PETROBRAS DISTRIBUIDORA S/A.,34.274.233/0001-02,1512769368.0
L. C. D. PESSANHA COMÉRCIO E SERVIÇOS ME,21.969.974/0001-58,1546614845.0
GAN RIO APOIO NUTRICIONAL - GANUTRE LTDA,04.436.976/0001-62,1510672662.0
UTC CONSTRUÇÕES LTDA ME,10.614.866/0001-46,1510654635.0
MACABU PAPELARIA EIRELLI ME,06.065.654/0001-80,1510595992.0
MACABU E MACABU LTDA EPP,31.665.011/0001-14,1510669402.0
H. BOY OTZ JUNIOR COMÉRCIO E SERVIÇOS ME,14.811.518/0001-10,1509087057.0
"SIT MACAÉ TRANSPORTE S/A,",11.889.780/0001-82,1507759474.0
SUGA RÁPIDO II LIMPEZAS INDUSTRIAIS LTDA,04.144.462/0001-33,1568994766.0
SUGA RÁPIDO II LIMPEZAS INDUSTRIAIS LTDA,04.144.462/0001-33,1537955525.0
E. J. I. FIEL TURISMO LTDA ME,03.632.896/0001-10,1505763671.0
TOMOGRAFIA MACAÉ LTDA,36.578.565/0001-06,1504266675.0
HUMANUS MEDICINA DIAGNÓSTICA LTDA,16.383.552/0001-66,1504061808.0
RTS RIO S/A,04.050.750/0001-29,1503577438.0
TOMOGRAFIA MACAÉ LTDA,36.578.565/0001-06,1503043814.0
KROFMAN COMÉRCIO E SERVIÇOS LTDA ME,08.705.901/0001-90,1500524203.0
DRACMA CONSTRUTORA E EMPREENDIMENTOS EIRELI,20.829.020/0001-87,1498587930.0
VGMED COMÉRCIO DE MATERIAL HOSPITALAR LTDA - ME,08.087.373/0001-53,1498630640.0
ANAZIRA A. BATISTA COMÉRCIO E SERVIÇOS ME,17.650.181/0001-02,1498608611.0
JCP SANTOS DISTRIBUIDORA LTDA ME,24.996.267/0001-49,1498602016.0
SEMARE ELEVADORES LTDA ME,02.453.608/0001-05,1559312552.0
SEMARE ELEVADORES LTDA ME,02.453.608/0001-05,1531590932.0
SEMARE ELEVADORES LTDA ME,02.453.608/0001-05,1496758170.0
E. J. I. FIEL TURISMO LTDA ME,03.632.896/0001-10,1495872096.0
MACBOU EIRELI ME,07.911.707/0001-07,1494580482.0
MACBOU EIRELI ME,07.911.707/0001-07,1527104478.0
PONTO DOS FAZENDEIROS PRODUTOS AGROPECUÁRIOS LTDA ME,04.005.422/0001-00,1493985317.0
LUZA SERVIÇOS E COMÉRCIO EIRELI ME,08.836.146/0001-83,1493987102.0
ROSTI EMPREENDIMENTOS LTDA ME,,1493998547.0
VITOR S. FERREIRA & CIA LTDA,07.216.364/0001-52,1493947621.0
AVANTE BRASIL PAPELARIA LIMITADA ME,20.420.471/0001-66,1493935149.0
OBRADECK CONSTRUÇÕES LTDA ME,08.380.128/0001-30,1494674328.0
SINASC - SINALIZAÇÃO E CONSTRUÇÃO DE RODOVIAS LTDA,07.150.434/0001-17,1489030958.0
TECLADO DISTRIBUIDORA DE MÁQUINAS E SERVIÇOS EIRELI EPP,32.097.040/0001-90,1487703932.0
LLC COMERCIO E EMPREENDIMENTOS EIRELI ME,16.782.207/0001-03,1487625334.0
SERCON CONSTRUÇÕES EIRELI EPP,01.309.292/0001-01,1484598604.0
,01.309.292/0001-01,1508824592.0
SERCON CONSTRUÇÕES EIRELI-EPP,01.309.292/0001-01,1516430543.0
JB ALIMENTAÇÃO E SERVIÇOS LTDA,,1512727917.0
,11.796.989/0001-08,1509471459.0
KROMAC COMÉRCIO E SERVIÇOS LTDA ME,11.796.989/0001-08,1540455922.0
CDR - CLÍNICA DE DOENÇAS RENAIS LTDA,29.473.196/0017-80,1504097594.0
CDR - CLÍNICA DE DOENÇAS RENAIS LTDA,29.473.196/0017-80,1531850684.0
,17.596.898/0001-05,1482949271.0
FISIO SER CLINICA DE REABILITAÇÃO PEDIÁTRICA LTDA,12.591.987/0001-45,1480537998.0
,10.840.210/0001-41,1485533188.0
"MARTELL COMÉRCIO DE PRODUTOS HOSPITALARES LTDA,",02.956.455/0001-00,1480555763.0
"MARTELL COMÉRCIO DE PRODUTOS HOSPITALARES LTDA,",02.956.455/0001-00,1476461137.0
GRÁFICA LITORAL DE MACAE LTDA-ME,11.156.696/0001-66,1476473011.0
RIO DE JANEIRO SERVIÇOS E COMÉRCIO LTDA-EPP,18.233.156/0001-88,1480182492.0
"COSTA CAMARGO COMÉRCIO DE PRODUTOS HOSPITALARES LTDA,",36.325.157/0001-34,1476449129.0
COSTA CAMARGO COMÉRCIO DE PRODUTOS HOSPITALARES LTDA,36.325.157/0001-34,1476228868.0
BELFARMA E PRODUTOS HOSPITALARES LTDA,17.322.524/0001-00,1476232527.0
TELEMEDIC DISTRIBUIDORA DE MEDICAMENTOS LTDA,01.686.431/0001-16,1473705216.0
SOGAMAX DISTRIBUIDORA DE PERFUMARIA LTDA - ME,00.857.492/0001-36,1474552358.0
DROGAFONTE LTDA,08.778.201/0001-26,1475124669.0
VIVA FARMA PRODUTOS HOSPITALARES LTDA,11.004.882/0001-80,1473774408.0
INVICTOS COMÉRCIO E SERVIÇOS EIRELI EPP,,1473924747.0
LINEA RJ COMÉRCIO EIRELI,17.624.789/0001-54,1473229295.0
DROGAFONTE LTDA,08.778.201/0001-26,1473952720.0
PROHOSP DISTRIBUIDORA DE MEDICAMENTOS LTDA,04.355.394/0002-32,1475167659.0
,65.716.995/0001-37,1474026320.0
SOGAMAX DISTRIBUIDORA DE PERFUMARIA LTDA - ME,00.857.492/0001-36,1473217425.0
VENÂNCIO PRODUTOS E INSUMOS FARMACÊUTICOS LTDA,00.285.753/0001-60,1476205706.0
INVICTOS COMÉRCIO E SERVIÇOS LTDA,14.912.933/0001-60,1472784706.0
VIVA FARMA PRODUTOS HOSPITALARES LTDA,,1473699116.0
TELEMEDIC DISTRIBUIDORA DE MEDICAMENTOS LTDA,01.686.431/0001-16,1472788579.0
A. L. COMÉRCIO E SERVIÇOS LTDA,10.980.954/0001-61,1473386848.0
DISKMED PÁDUA DISTRIBUIDORA DE MEDICAMENTOS LTDA,04.216.957/0001-20,1473395109.0
BIOHOSP PRODUTOS HOSPITALARES LTDA,,1473250854.0
VENÂNCIO PRODUTOS FARMACÊUTICO LTDA,,1471562341.0
MEDICOM RIO FARMA LTDA - EPP,39.499.710/0001-43,1473235933.0
ONCOVIT DISTRIBUIDORA DE MEDICAMENTOS LTDA,10.586.940/0001-68,1470124588.0
PROCARE COMÉRCIO DE PRODUTOS HOSPITALARES LTDA,05.050.260/0001-95,1472677753.0
VENÂNCIO PRODUTOS FARMACÊUTICO LTDA,,1468843669.0
ONCOVIT DISTRIBUIDORA DE MEDICAMENTOS LTDA,10.586.940/0001-68,1470842048.0
VENÂNCIO PRODUTOS FARMACÊUTICO LTDA,,1470110752.0
,14.811.518/0001-10,1467298587.0
DATAMED LTDA,38.658.399/0001-75,1467388435.0
CAMARGO COMERCIO DE PRODUTOS HOSPITALARES LTDA,36.325.157/0001-34,1466169814.0
VENÂNCIO PRODUTOS FARMACÊUTICO LTDA,,1465859901.0
,05.844.447/0001-60,1466693343.0
DISTRIBUIDORA SUED OFFSHORE LTDA,,1464154299.0
,02.460.736/0001-78,1465330447.0
ALFA MED SISTEMAS LTDA,11.405.384/0001-49,1465373400.0
VGMED COMÉRCIO DE MATERIAL HOSPITALAR LTDA - ME,08.087.373/0001-53,1464100152.0
CONSIGGA COMÉRCIO E SERVIÇOS LTDA ,,1465335353.0
LOTUS INDÚSTRIA E COMÉRCIO LTDA,02.799.882/0002-03,1464116615.0
MALE COMÉRCIO E REPRESENTAÇÕES LTDA,07.763.263/0001-00,1463521862.0
,00.285.753/0001-90,1464281890.0
ALTERNATIVA COMÉRCIO E SERVIÇOS LTDA,13.791.068/0001-88,1462812286.0
,18.716.271/0001-03,1461116559.0
DIXTAL BIOMÉDICA INDUSTRIAL E COMÉRCIO LTDA,63.736.714/0001-82,1461961277.0
DISTRIBUIDORA SUED OFFSHORE LTDA,10.589.940/0001-11,1463170673.0
,07.070.062/0001-19,1461109956.0
,18.716.271/0001-03,1461151504.0
,18.716.271/0001-03,1461146525.0
,54.178.983/0001-80,1461082446.0
DIXTAL BIOMÉDICA INDUSTRIAL E COMÉRCIO LTDA,63.736.714/0001-82,1461749130.0
,10.983.327/0001-84,1461869305.0
MEDICOM RIO FARMA LTDA,39.499.710/0001-43,1462000124.0
MEDICOM RIO FARMA LTDA,39.499.710/0001-43,1461998165.0
SNA COMÉRCIO E DISTRIBUIÇÃO EIRELLI,16.736.512/0001-50,1462440970.0
MEDICORDIGITAL COMÉRCIO DE EQUIPAMENTOS LTDA-ME,,1485583790.0
TEC-RAD TECNOLOGIA EM RADIOPROTEÇÃO LTDA,65.716.995/0001-37,1484125664.0
WHITE MARTINS GASES INDUSTRIAIS LTDA,35.820.448/0012-99,1484098484.0
TELEMEDIC DISTRIBUIDORA DE MEDICAMENTOS E PRODUTOS LTDA,,1460693869.0
WHITE MARTINS GASES INDUSTRIAIS LTDA,35.820.448/0012-99,1484145812.0
SOGAMAX DISTRIBUIDORA DE PERFUMARIA LTDA,00.857.492/0001-36,1464065832.0
MACOM INSTRUMENTAL CIRÚRGICO INDUSTRIA LTDA,59.650.556/0001-76,1479539809.0
APX COMÉRCIO E ASSISTÊNCIA TÉCNICA DE MATERIAIS E EQUIPAMENTOS HOSPITALARES LTDA,18.166.291/0001-58,1479481853.0
COMERCIAL RIO CLARENSE,67.729.178/0004-91,1461164177.0
COMERCIAL RIO CLARENSE,67.729.178/0004-91,1462420701.0
,18.491.919/0001-90,1474343776.0
,12.260.553/0001-62,1468612831.0
DISTRIBUIDORA SUED OFFSHORE LTDA,,1463190780.0
CDR - CLÍNICA DE DOENÇAS RENAIS LTDA,29.473.196/0017-80,1470989514.0
DADY ILHA SOLUÇÕES INTEGRADAS LTDA,08.540.992/0001-51,1545850263.0
DADY ILHA SOLUÇÕES INTEGRADAS LTDA,08.540.992/0001-51,1514925172.0
,02.060.549/0001-05,1462000193.0
,92.981.752/0001-97,1464880643.0
SIT MACAÉ TRANSPORTE S/A,11.889.780/0001-82,1481605147.0
HARD SOLUTION INFORMÁTICA LTDA,00.461.255/0001-51,1468549765.0
SOGAMAX DISTRIBUIDORA DE PERFUMARIA LTDA,00.857.492/0001-36,1460712473.0
PORTO SEGURO COMPANHIA DE SEGUROS GERAIS,,1482285465.0
PETROBRAS DISTRIBUIDORA S/A,34.274.233/0001-02,1470710584.0
BYTECH TECNOLOGIA AMBIENTAL LTDA,01.498.770/0001-79,1468285631.0
WEM EQUIPAMENTOS ELETRÔNICOS LTDA,,1468567739.0
PETROBRAS DISTRIBUIDORA S.A,34.274.233/0001-02,1470685096.0
SARTA REPRESENTAÇÕES EIRELI - ME,04.805.306/0001-76,1470731474.0
SARTA REPRESENTAÇÕES EIRELI - ME,04.805.306/0001-76,1563557613.0
SARTA REPRESENTAÇÕES EIRELI - ME,04.805.306/0001-76,1532109860.0
SARTA REPRESENTAÇÕES EIRELI - ME,04.805.306/0001-76,1502430978.0
SINAL VITAL COMERCIAL DE PRODUTOS MÉDICOS E SERVIÇOS LTDA,07.270.468/0001-45,1462843646.0
INFORJUS LIVROS INFORMATIVOS LTDA,00.949.135/0001-06,1462899980.0
TELEMÁTICA SISTEMAS INTELIGENTES LTDA,44.772.937/0001-50,1464700274.0
,04.910.323/0001-73,1461983620.0
CONSTRUTORA M. ALVES LTDA,08.579.251/0001-84,1498599163.0
,08.579.251/0001-84,1569362710.0
,08.579.251/0001-84,1574504883.0
CONSTRUTORA M. ALVES LTDA,08.579.251/0001-84,1557425535.0
WHITE MARTINS GASES INDUSTRIAIS LTDA,35.820.448/0001-36,1463811071.0
MJRE CONSTRUTORA LTDA,05.851.921/0001-81,1461982502.0
MJRE CONSTRUTORA LTDA,05.851.921/0001-81,1565183245.0
WHITE MARTINS GASES INDUSTRIAIS LTDA,35.820.448/0001-36,1463781053.0
SIT MACAÉ TRANSPORTE S/A,11.889.780/0001-82,1462445533.0
GAN RIO APOIO NUTRICIONAL GANUTRE LTDA,04.436.976/0001-62,1457819833.0
COMERCIAL DE EQUIPAMENTOS MÉDICO HOSPITALARES SERRA DAS ARARAS LTDA,08.117.794/0001-80,1462050365.0
KROMAC COMÉRCIO E SERVIÇOS LTDA ME,11.796.989/0001-08,1459233971.0
KROMAC COMÉRCIO E SERVIÇOS LTDA ME,11.796.989/0001-08,1556181817.0
KROMAC COMÉRCIO E SERVIÇOS LTDA ME,11.796.989/0001-08,1491646947.0
AUTO VIAÇÃO 1001 LTDA,30.069.314/0001-01,1495223432.0
,30.069.314/0001-01,1554221473.0
AUTO VIAÇÃO 1001 LTDA,30.069.314/0001-01,1458359968.0
AUTO VIAÇÃO 1001 LTDA,03.632.896/0001-10,1527571256.0
E. J. I. FIEL TURISMO LTDA ME,03.632.896/0001-10,1521077467.0
E. J. I. FIEL TURISMO LTDA ME,03.632.896/0001-10,1457106380.0
L. P. OLIVEIRA ME,05.602.403/0001-24,1457782756.0
E. J. I. FIEL TURISMO LTDA ME,03.632.896/0001-10,1553787731.0
E. J. I. FIEL TURISMO LTDA ME,03.632.896/0001-10,1493462097.0
PRIME SOLUÇÕES EMPRESARIAIS DO BRASIL LTDA ME,17.542.815/0001-03,1472887224.0
PRIME SOLUÇÕES EMPRESARIAIS DO BRASIL LTDA,17.542.815/0001-03,1454132918.0
,03.638.457/0001-14,1486629529.0
ÔNIX SERVIÇOS LTDA,03.638.457/0001-14,1505232539.0
,18.233.156/0001-88,1459338270.0
ÔNIX SERVIÇOS LTDA,03.638.457/0001-14,1453311914.0
LÍDER COMÉRCIO E INDÚSTRIA S/A,22.776.132/0001-42,1461683693.0
EDITORA JORNALÍSTICA ALBERTO LTDA,05.844.447/0001-60,1460016769.0
ÔNIX SERVIÇOS LTDA,03.638.457/0001-14,1453351716.0
,03.704.024/0001-10,1453283980.0
ÔNIX SERVIÇOS LTDA,03.638.457/0001-14,1486629828.0
OLYMPUS OPTICAL DO BRASIL LTDA,,1453903732.0
FIRE DE CAMPOS EMPREENDIMENTOS LTDA EPP,07.301.795/0001-17,1508196712.0
INFOSHORE COMÉRCIO E SERVIÇOS DE TECNOLOGIA DA INFORMAÇÃO E COMUNICAÇÃO LTDA ME,07.123.880/0001-32,1506749958.0
,35.864.628/0001-10,1501523745.0
MAC ID COMÉRCIO SERVIÇOS E TECNOLOGIA DA INFORMÁTICA LTDA,11.427.054/0001-54,1526741434.0
MAC ID COMÉRCIO SERVIÇOS E TECNOLOGIA DA INFORMÁTICA LTDA,11.427.054/0001-54,1498589715.0
RELUZ EMPREENDIMENTOS E SERVIÇOS LTDA,10.471.095/0001-85,1464273132.0
RELUZ EMPREENDIMENTOS E SERVIÇOS LTDA,10.471.095/0001-85,1525786223.0
RELUZ EMPREENDIMENTOS E SERVIÇOS LTDA,10.471.095/0001-85,1498664157.0
ENGELUMEN ENERGIA E ILUMINAÇÃO LTDA,04.301.209/0001-46,1533054554.0
ENGELUMEN ENERGIA E ILUMINAÇÃO LTDA.,04.301.209/0001-46,1467454111.0
ENGELUMEN ENERGIA E ILUMINAÇÃO LTDA,04.301.209/0001-46,1497998947.0
ENGELUMEN ENERGIA E ILUMINAÇÃO LTDA,04.301.209/0001-46,1559219153.0
RELUZ EMPREENDIMENTOS E SERVIÇOS LTDA,10.471.095/0001-85,1557841641.0
DENJUD REFEIÇÕES COLETIVAS ADMINISTRAÇÃO E SERVIÇOS LTDA,,1464794560.0
C. H. CONSTRUTORA E SERVIÇOS LTDA ME,11.437.576/0001-37,1473788400.0
C. H. CONSTRUTORA E SERVIÇOS LTDA ME,11.437.576/0001-37,1484079736.0
F. P. AUDIO - EIRELI - ME,03.736.955/0001-08,1452828846.0
"INTERFOGOS COMÉRCIO, IMPORTAÇÃO E EXPORTAÇÃO LTDA ME",,1452859931.0
LISTEN LOCAL INFORMATION SYSTEM LTDA,42.789.800/0001-83,1451465797.0
L. P. DE OLIVEIRA ME,05.602.403/0001-24,1451455151.0
,08.210.265/0001-26,1514389464.0
,08.210.265/0001-26,1449121078.0
SERCON CONSTRUÇÕES LTDA,01.309.292/0001-01,1445448464.0
,07.314.002/0001-02,1539726701.0
,07.314.002/0001-02,1571194769.0
,07.314.002/0001-02,1480432456.0
,07.314.002/0001-02,1512694924.0
,04.642.554/0001-43,1444332125.0
,04.642.554/0001-43,1508160698.0
R. C. VIEIRA ENGENHARIA LTDA,01.992.029/0001-60,1443887228.0
JEVINETWORK COMÉRCIO E SERVIÇOS LTDA EPP,09.305.646/0001-51,1504579660.0
JEVINETWORK COMÉRCIO E SERVIÇOS LTDA EPP,,1441904402.0
JEVINETWORK COMÉRCIO E SERVIÇOS LTDA EPP,09.305.646/0001-51,1476918285.0
JEVINETWORK COMÉRCIO E SERVIÇOS LTDA EPP,09.305.646/0001-51,1536851121.0
SERCON CONSTRUÇÕES EIRELI EPP,01.309.292/0001-01,1452279921.0
H BOY OTZ JUNIOR COMÉRCIO E SERVIÇOS ME,14.811.518/0001-10,1441448287.0
PETROBRAS DISTRIBUIDORA S/A,34.274.233/0001-02,1440521253.0
PETROBRAS DISTRIBUIDORA S.A,34.274.233/0001-02,1468067089.0
PETROBRAS DISTRIBUIDORA S.A,34.274.233/0001-02,1440572540.0
PRIME SOLUÇÕES EMPRESARIAIS DO BRASIL LTDA,17.542.815/0001-03,1469027437.0
PRIME SOLUÇÕES EMPRESARIAIS DO BRASIL LTDA,17.542.815/0001-03,1532730807.0
PRIME SOLUÇÕES EMPRESARIAIS DO BRASIL LTDA,17.542.815/0001-03,1505825623.0
CANDELABRO ENTRETENIMENTO LTDA-ME,03.133.620/0001-97,1440571134.0
COOPERATIVA DOS AGRICULTORES FAMILIARES SUL LITORÂNEA DO ESTADO DO ESPÍRITO SANTO - CAF SUL,14.645.144/0001-00,1440554529.0
COOPERATIVA AGROPECUÁRIA DOS PEQUENOS PRODUTORES E TRABALHADORES RURAIS DO ASSENTAMENTO CELSO DANIEL DO MUNICÍPIO DE MACAÉ DO ESTADO DO RJ,08.885.020/0001-07,1440546562.0
COOPERATIVA DE LATICÍNIOS DE ALFREDO CHAVES - CLAC,31.707.409/0001-76,1440496632.0
COOPERATIVA DA AGRICULTURA FAMILIAR DE MIMOSO DO SUL-ES,19.361.065/0001-63,1440475624.0
COOPERATIVA AGROPECUÁRIA MISTA DE CASTELO,27.443.308/0001-68,1440468419.0
,01.256.679/0001-47,1440482165.0
ASSOCIAÇÃO DOS PRODUTORES DA AGRICULTURA FAMILIAR DO SANA,17.159.842/0001-93,1440489459.0
,17.322.524/0001-00,1449707876.0
,11.004.882/0001-80,1449673608.0
,11.004.882/0001-80,1449669923.0
PHILIPS MEDICAL SYSTEM LTDA,58.295.213/0018-16,1450371311.0
,11.004.882/0001-80,1449753368.0
PRIME SOLUÇÕES EMPRESARIAIS DO BRASIL LTDA,17.542.815/0001-03,1448978725.0
,11.796.989/0001-08,1447750307.0
MICROMED COMÉRCIO E REPRESENTAÇÃO LTDA - ME,00.071.343/0001-47,1445495230.0
,01.449.930/0001-90,1446813186.0
GOMES E GARCIA INFORMÁTICA LTDA,04.552.128/0001-19,1444958964.0
,22.776.132/0001-42,1444401426.0
,14.811.518/0001-10,1441039616.0
WHITE MARTINS GASES INDUSTRIAIS LTDA,35.820.448/0001-36,1445436781.0
DENJUD REFEIÇÕES COLETIVAS ADMINISTRAÇÃO E SERVIÇOS LTDA,,1464698669.0
SINGULAR GESTÃO DE SERVIÇOS LTDA,,1558792385.0
DENJUD REFEIÇÕES COLETIVAS ADMINISTRAÇÃO E SERVIÇOS LTDA,,1496690085.0
DENJUD REFEIÇÕES COLETIVAS ADMINISTRAÇÃO E SERVIÇOS LTDA,,1527600852.0
SEPARAR PRODUTOS E SERVIÇOS LTDA,03.184.220/0001-00,1445447312.0
DENJUD REFEIÇÕES COLETIVAS ADMINISTRAÇÃO E SERVIÇOS LTDA,,1446863930.0
DENJUD REFEIÇÕES COLETIVAS ADMINISTRAÇÃO E SERVIÇOS LTDA,,1440524388.0
AGIL ANDRADE COMÉRCIO E SERVIÇOS LTDA,01.172.481/0001-85,1440529283.0
SERCON CONSTRUÇÕES EIRELI EPP,01.309.292/0001-01,1499995064.0
HARD SOLUTION INFORMÁTICA LTDA,00.461.255/0001-51,1443771176.0
,04.983.028/0001-47,1440206934.0
,05.234.289/0001-27,1450745655.0
IMAGEM SISTEMAS MÉDICOS LTDA,59.269.654/0004-00,1442568498.0
,02.956.455/0001-00,1440199583.0
C. H. CONSTRUTORA E SERVIÇOS LTDA ME,,1440540997.0
EDITORA JORNALÍSTICA ALBERTO LTDA,05.844.447/0001-60,1527553868.0
EDITORA JORNALÍSTICA ALBERTO LTDA,05.844.447/0001-60,1501110284.0
LOTUS INDÚSTRIA E COMÉRCIO LTDA,02.799.882/0002-03,1440793685.0
EDITORA JORNALÍSTICA ALBERTO LTDA,05.844.447/0001-60,1440490839.0
EDITORA JORNALÍSTICA ALBERTO LTDA,05.844.447/0001-60,1558577960.0
EDITORA JORNALÍSTICA ALBERTO LTDA,05.844.447/0001-60,1461869155.0
,14.310.562/0001-46,1440248538.0
,35.820.448/0012-99,1440209881.0
E. J. I. FIEL TURISMO LTDA ME,03.632.896/0001-10,1440473596.0
,35.820.448/0012-99,1440195954.0
,07.314.002/0001-02,1440581994.0
,09.912.034/0001-27,1440777532.0
CKS SOLUÇÕES TECNOLÓGICAS LTDA-ME,03.016.683/0001-63,1440878543.0
MICROMED COMÉRCIO E REPRESENTAÇÃO LTDA - ME,00.071.343/0001-47,1440234496.0
,18.212.016/0001-23,1440772754.0
E. J. I. FIEL TURISMO LTDA,03.632.896/0001-10,1440216976.0
IMAGENS SISTEMAS MÉDICOS LTDA,59.269.654/0004-00,1440256534.0
,30.410.872/0001-99,1440187007.0
INSTITUTO DE MEDICINA NUCLEAR LTDA,30.403.075/0001-84,1464745600.0
INSTITUTO DE MEDICINA NUCLEAR LTDA,30.403.075/0001-84,1440252407.0
NUTRIMED SERVIÇOS MÉDICOS EM NUTRIÇÃO PARENTERAL E ENTERAL LTDA EPP,01.226.416/0001-95,1440260540.0
NUTRIMED SERVIÇOS MÉDICOS EM NUTRIÇÃO PARENTERAL E ENTERAL LTDA EPP,01.226.416/0001-95,1441144990.0
,30.410.872/0001-99,1440260849.0
,14.206.644/0001-45,1440796464.0
PHILIPS MEDICAL SYSTEMS LTDA,58.295.213/0018-16,1440236122.0
INFOSHORE COMÉRCIO E SERVIÇOS DE TECNOLOGIA DA INFORMAÇÃO E COMUNICAÇÃO LTDA ME,07.123.880/0001-32,1531523683.0
,68.852.870/0001-22,1440459115.0
BIOXXI SERVIÇOS DE ESTERILIZAÇÃO LTDA,27.721.364/0001-17,1440230288.0
,03.567.964/0001-04,1465573341.0
RUBI COMÉRCIO & SERVIÇOS LTDA,,1510350510.0
,08.579.251/0001-84,1491567777.0
,00.953.085/0001-22,1440857550.0
RUBI COMÉRCIO & SERVIÇOS LTDA,13.848.430/0001-00,1510400555.0
,03.184.220/0001-00,1440201305.0
MISSISSIPI EMPREENDIMENTOS S/A,06.876.768/0001-00,1440476026.0
INFORJUS LIVROS INFORMATIVOS LTDA,00.949.135/0001-06,1440262978.0
MISSISSIPI EMPREENDIMENTOS S/A,06.876.768/0001-00,1487203196.0
"VIEIRA E VIEIRA ESTACIONAMENTO E LANCHONETE LTDA.ME,",12.988.933/0001-18,1441132406.0
SÃO MARCOS TERRAPLANAGEM E CONSTRUÇÃO LTDA,33.462.862/0001-95,1495668976.0
MACABULAB COMÉRCIO DE EQUIPAMENTOS HOSPITALARES E SERVIÇOS LTDA,04.184.159/0001-64,1439924466.0
,01.981.293/0001-06,1440188956.0
,16.572.756/0001-45,1440806526.0
JCM INFORMÁTICA COMÉRCIO IMPORTAÇÃO EIRELE - ME,01.981.293/0001-06,1462841183.0
SÃO MARCOS TERRAPLANAGEM E CONSTRUÇÃO LTDA,33.462.862/0001-95,1440524617.0
SÃO MARCOS TERRAPLANAGEM E CONSTRUÇÃO LTDA,33.462.862/0001-95,1454101042.0
SERV TEMP RENT A CAR LTDA,,1500557224.0
DECKLINK - DESENVOLVIMENTO E CONSULTORIA DE INFORMÁTICA LTDA,74.039.116/0001-70,1491949043.0
CLAER SERVIÇOS GERAIS LTDA,04.983.028/0001-47,1510098635.0
ALCYR ALVES FERREIRA & CIA LTDA,04.353.185/0001-79,1498077513.0
ALCYR ALVES FERREIRA & CIA LTDA,04.353.185/0001-79,1520057100.0
LEÃO MOTA CONFECÇÕES COMÉRCIO E SERVIÇOS DE LAVANDERIA LTDA,,1505971268.0
,05.988.263/0002-55,1497973188.0
,10.555.527/0001-36,1509556520.0
,10.555.527/0001-36,1508598999.0
MEDSYSTEM MANUTENÇÃO E SERVIÇOS HOSPITALARES LTDA - EPP,04.211.341/0001-67,1532449340.0
,03.632.896/0001-10,1500512316.0
,04.144.462/0001-33,1447259753.0
EJORAN EDITORA DE JORNAIS E REVISTAS E AGÊNCIA DE NOTÍCIAS LTDA,29.699.626/0001-10,1443797278.0
CLAER SERVIÇOS GERAIS LTDA,04.983.028/0001-47,1443765078.0
CLAER SERVIÇOS GERAIS LTDA,,1443720833.0
ALCYR ALVES FERREIRA & CIA LTDA,,1461196154.0
VOLKSWAGEN DO BRASIL INDÚSTRIA DE VEÍCULOS AUTOMOTORES LTDA,59.104.422/0001-50,1444416505.0
C. H. CONSTRUTORA E SERVIÇOS LTDA ME,11.437.576/0001-37,1445484241.0
ANAZIRA A. BATISTA COMÉRCIO E SERVIÇOS ME,17.650.181/0001-02,1450360432.0
C. H. CONSTRUTORA E SERVIÇOS LTDA ME,11.437.576/0001-37,1491586074.0
CONSTRUTORA HERINGER LTDA,02.706.210/0001-25,1444334070.0
E. J. I. FIEL TURISMO LTDA ME,03.632.896/0001-10,1541622820.0
E. J. I. FIEL TURISMO LTDA ME,03.632.896/0001-10,1510938124.0
E. J. I. FIEL TURISMO LTDA ME,03.632.896/0001-10,1448607835.0
E. J. I. FIEL TURISMO LTDA ME,03.632.896/0001-10,1479860497.0
,11.889.780/0001-82,1512114500.0
SIT MACAÉ TRANSPORTE S/A,11.889.780/0001-82,1448521904.0
SIT MACAÉ TRANSPORTE S/A,11.889.780/0001-82,1541516200.0
,39.709.324/0001-39,1479319410.0
AGUAMAR DE MACAÉ COMÉRCIO DE ÁGUAS E SERVIÇOS LTDA ME,39.709.324/0001-39,1516446838.0
,39.709.324/0001-39,1449160367.0
AGUAMAR DE MACAÉ COMÉRCIO DE ÁGUAS E SERVIÇOS LTDA ME,39.709.324/0001-39,1444335824.0
ALEXANDRE DE ARAÚJO TERRA,14.160.619/0001-78,1505782709.0
ALEXANDRE DE ARAÚJO TERRA,14.160.619/0001-78,1444328739.0
ALEXANDRE DE ARAÚJO TERRA,14.160.619/0001-78,1444354851.0
,02.990.717/0001-53,1444382706.0
,02.990.717/0001-53,1444332096.0
MENEGUELLE E FLORENCIO ASSESSORIA DE COMUNICAÇÃO LTDA,06.310.352/0001-20,1444317162.0
CONSÓRCIO ESTRADA DE MIGRAÇÃO,01.127.106/0001-13,1444306043.0
GOVERNANÇABRASIL S/A TECNOLOGIA E GESTÃO EM SERVIÇOS,00.165.960/0001-01,1470735807.0
GOVERNANÇABRASIL S/A TECNOLOGIA E GESTÃO EM SERVIÇOS,00.165.960/0001-01,1500549406.0
GOVERNANÇABRASIL S/A TECNOLOGIA E GESTÃO EM SERVIÇOS,00.165.960/0001-01,1444296740.0
GOVERNANÇABRASIL S/A TECNOLOGIA E GESTÃO EM SERVIÇOS,00.165.960/0001-01,1444297797.0
DPZ DUALIBI PETIT ZARAGOZA PROPAGANDA LTDA,62.123.948/0001-91,1443880080.0
COFRANZA CONSTRUTORA LTDA,03.396.992/0001-06,1444279055.0
CONSTRUTORA M. ALVES LTDA,08.579.251/0001-84,1452276800.0
CONSTRUTORA M. ALVES LTDA,08.579.251/0001-84,1451442067.0
CONSÓRCIO PREF. MACAÉ PP 216/2013,19.890.951/0001-01,1444300230.0
THYSSENKRUPP ELEVADORES S/A,90.347.840/0014-32,1444165333.0
THYSSENKRUPP ELEVADORES S/A,90.347.840/0014-32,1501146892.0
THYSSENKRUPP ELEVADORES S/A,90.347.840/0014-32,1466705182.0
E. J. I. FIEL TURISMO LTDA ME,03.632.896/0001-10,1491643635.0
E. J. I. FIEL TURISMO LTDA ME,03.632.896/0001-10,1444192075.0
E. J. I. FIEL TURISMO LTDA ME,03.632.896/0001-10,1459990653.0
E. J. I. FIEL TURISMO LTDA ME,03.632.896/0001-10,1523991226.0
,03.184.220/0001-00,1453896970.0
MEDSYSTEM MANUTENÇÃO E SERVIÇOS HOSPITALARES LTDA,04.211.341/0001-67,1471079572.0
MEDSYSTEM MANUTENÇÃO E SERVIÇOS HOSPITALARES LTDA - EPP,04.211.341/0001-67,1441753940.0
MEDSYSTEM MANUTENÇÃO E SERVIÇOS HOSPITALARES LTDA - EPP,04.211.341/0001-67,1505225751.0
,11.308.894/0001-06,1505225751.0
C. H. CONSTRUTORA E SERVIÇOS LTDA ME,,1444159209.0
C. H. CONSTRUTORA E SERVIÇOS LTDA ME,11.437.576/0001-37,1444196596.0
C. H. CONSTRUTORA E SERVIÇOS LTDA ME,11.437.576/0001-37,1444187315.0
J. G. MANUTENÇÃO CONSERVAÇÃO E LOCAÇÃO LTDA. ME,13.383.646/0001-47,1457628104.0
J. G. MANUTENÇÃO CONSERVAÇÃO E LOCAÇÃO LTDA. ME,13.383.646/0001-47,1444216476.0
J. G. MANUTENÇÃO CONSERVAÇÃO E LOCAÇÃO LTDA. ME,,1520924129.0
J. G. MANUTENÇÃO CONSERVAÇÃO E LOCAÇÃO LTDA. ME,13.383.646/0001-47,1444172394.0
J. G. MANUTENÇÃO CONSERVAÇÃO E LOCAÇÃO LTDA. ME,13.383.646/0001-47,1490045479.0
W.O. MAGALHÃES ME,30.183.941/0001-79,1458155632.0
MV SISTEMAS LTDA,91.879.544/0001-20,1486109002.0
MV SISTEMAS LTDA,91.879.544/0001-20,1486064191.0
CLAER SERVIÇOS GERAIS LTDA,04.983.028/0001-47,1453897921.0
MV SISTEMAS LTDA,91.879.544/0001-20,1486142104.0
W. O. MAGALHÃES ME,05.018.233/0001-35,1444200787.0
W. O. MAGALHÃES ME,05.018.233/0001-35,1444225726.0
,29.473.196/0017-80,1441173057.0
IMUNE GUERRA ENGENHARIA LTDA ME,03.617.464/0001-30,1453905828.0
MAX CLEAN LAVANDERIA INDUSTRIAL E COMERCIAL LTDA,11.668.311/0001-40,1457727432.0
MAX CLEAN LAVANDERIA INDUSTRIAL E COMERCIAL LTDA,11.668.311/0001-40,1441120374.0
MAX CLEAN LAVANDERIA INDUSTRIAL E COMERCIAL LTDA,11.668.311/0001-40,1441796342.0
MAX CLEAN LAVANDERIA INDUSTRIAL E COMERCIAL LTDA,11.668.311/0001-40,1443823838.0
RÓTULO EMPREENDIMENTOS COMERCIAIS E SERVIÇOS LTDA,,1444182672.0
A.C.F. DA SILVA LTDA - ME,,1465304986.0
A.C.F. DA SILVA LTDA - ME,,1441756524.0
A.C.F. DA SILVA LTDA - ME,,1441114304.0
RÓTULO EMPREENDIMENTOS COMERCIAIS E SERVIÇOS LTDA,,1444218200.0
RÓTULO EMPREENDIMENTOS COMERCIAIS E SERVIÇOS LTDA,13.704.177/0001-10,1457593800.0
"ALIMINAS ALIMENTAÇÃO INDUSTRIAL LTDA,",32.018.491/0001-94,1513095264.0
CEDI - CINTICEDI MEDICINA NUCLEAR LTDA,04.758.673/0001-66,1516670656.0
LIGA BENEFICENTE SÃO JOÃO BATISTA DE MACAÉ,29.700.143/0001-98,1517065516.0
LIGA BENEFICENTE SÃO JOÃO BATISTA DE MACAÉ,29.700.143/0001-98,1487244871.0
CDR - CLÍNICA DE DOENÇAS RENAIS LTDA,29.473.196/0017-80,1487404033.0
CDR - CLÍNICA DE DOENÇAS RENAIS LTDA,29.473.196/0017-80,1519418605.0
CDR - CLÍNICA DE DOENÇAS RENAIS LTDA,29.473.196/0017-80,1545302825.0
IMN - INSTITUTO DE MEDICINA NUCLEAR LTDA,30.403.075/0001-84,1487262257.0
IMN - INSTITUTO DE MEDICINA NUCLEAR LTDA,,1516385550.0
IRMANDADE SÃO JOÃO BATISTA DE MACAÉ,29.696.069/0001-83,1516800818.0
,03.632.896/0001-10,1443721283.0
,03.632.896/0001-10,1443784403.0
,03.632.896/0001-10,1443803430.0
,03.632.896/0001-10,1443808377.0
,02.453.608/0001-05,1510351619.0
,30.410.872/0001-99,1470135539.0
UP SOLUÇÕES S/S LTDA,08.723.878/0001-67,1442632671.0
UP SOLUÇÕES S/S LTDA,08.723.878/0001-67,1442634249.0
UP SOLUÇÕES LTDA - EIRELI,08.723.878/0001-67,1451433101.0
V. M. OPENLINK COMUNICAÇÃO MULTIMÍDIA LTDA - EPP,07.714.104/0001-07,1442710890.0
IMUNE GUERRA ENGENHARIA LTDA,03.617.464/0001-30,1510926774.0
IMUNE GUERRA ENGENHARIA LTDA,03.617.464/0001-30,1448522950.0
IMUNE GUERRA ENGENHARIA LTDA,03.617.464/0001-30,1448510639.0
IMUNE GUERRA SERVIÇOS LTDA EPP,03.617.464/0001-30,1448577141.0
IMUNE GUERRA ENGENHARIA LTDA,03.617.464/0001-30,1480384830.0
ELEVADORES OTIS LTDA,29.739.737/0003-74,1451416582.0
ELEVADORES OTIS LTDA,29.739.737/0003-74,1442681710.0
ELEVADORES OTIS LTDA,29.739.737/0003-74,1442688997.0
MEDSYSTEM MANUTENÇÃO E SERVIÇOS HOSPITALARES LTDA - EPP,04.211.341/0001-67,1457811274.0
MEDSYSTEM MANUTENÇÃO E SERVIÇOS HOSPITALARES LTDA - EPP,04.211.341/0001-67,1452174750.0
MEDSYSTEM MANUTENÇÃO E SERVIÇOS HOSPITALARES LTDA - EPP,04.211.341/0001-67,1457808554.0
AMANHECER TRANSPORTES MARÍTIMOS LTDA,17.464.530/0001-93,1442356241.0
AMANHECER TRANSPORTES MARÍTIMOS LTDA,17.464.530/0001-93,1442438149.0
,06.217.910/0001-07,1443823898.0
,06.217.910/0001-07,1475822789.0
M DE OLIVEIRA SERVIÇOS MARÍTIMOS EIRELI,17.505.928/0001-20,1442386577.0
R. P. FILHO SERVIÇOS HIDRÁULICOS LTDA,01.299.537/0001-67,1443805869.0
R. P. FILHO SERVIÇOS HIDRÁULICOS LTDA,01.299.537/0001-67,1457992066.0
M DE OLIVEIRA SERVIÇOS MARÍTIMOS EIRELI,17.505.928/0001-20,1442384922.0
R. P. FILHO SERVIÇOS HIDRÁULICOS LTDA,01.299.537/0001-67,1458019565.0
CONSTRUTORA AVENIDA LTDA,30.399.307/0001-78,1442555490.0
CONSTRUTORA AVENIDA LTDA,30.399.307/0001-78,1442552024.0
CONSTRUTORA AVENIDA LTDA,30.399.307/0001-78,1442536446.0
CONSTRUTORA ZADAR LTDA,30.183.941/0001-79,1446640222.0
CONSTRUTORA ZADAR LTDA,30.183.941/0001-79,1446602455.0
,08.540.992/0001-51,1449585402.0
,08.540.992/0001-51,1449566819.0
,08.540.992/0001-51,1449534760.0
DADY ILHA SOLUÇÕES INTEGRADAS LTDA,08.540.992/0001-51,1449081550.0
,09.305.646/0001-51,1442433412.0
"SPAN DE RIO DAS OSTRAS SERVIÇOS, CONSTRUÇÕES E COMÉRCIO LTDA",,1442274684.0
"SPAN DE RIO DAS OSTRAS SERVIÇOS, CONSTRUÇÕES E COMÉRCIO LTDA",05.133.091/0001-57,1442338975.0
"SPAN DE RIO DAS OSTRAS SERVIÇOS, CONSTRUÇÕES E COMÉRCIO LTDA",05.133.091/0001-57,1442356592.0
"SPAN DE RIO DAS OSTRAS SERVIÇOS, CONSTRUÇÕES E COMÉRCIO LTDA",05.133.091/0001-57,1470756820.0
FIRE DE CAMPOS EMPREENDIMENTOS LTDA,07.301.795/0001-17,1443730195.0
FIRE DE CAMPOS EMPREENDIMENTOS LTDA,07.301.795/0001-17,1443755474.0
METROPOLIS PROJETOS URBANOS LTDA,08.858.737/0001-51,1470966012.0
ENGETÉCNICA SERVIÇOS E CONSTRUÇÕES LTDA,,1491535708.0
IN. BRA CONSTRUTORA LTDA,05.057.027/0001-34,1453393508.0
,05.057.027/0001-34,1454016303.0
,13.383.646/0001-47,1448558078.0
,13.383.646/0001-47,1442338330.0
,13.383.646/0001-47,1442312971.0
E. L. MÍDIA EDITORA LTDA,09.298.880/0001-07,1454095301.0
E. L. MÍDIA EDITORA LTDA,09.298.880/0001-07,1475710726.0
E. L. MÍDIA EDITORA LTDA,09.298.880/0001-07,1454141340.0
E. L. MÍDIA EDITORA LTDA,09.298.880/0001-07,1542210035.0
,29.699.626/0001-10,1441887121.0
,29.699.626/0001-10,1441768017.0
,29.699.626/0001-10,1441837095.0
"BIOHIDRO CONSTRUÇÕES CIVIS, SERVIÇOS DE SANEAMENTO, INDÚSTRIA E COMÉRCIO LTDA",08.386.495/0001-40,1463758243.0
"BIOHIDRO CONSTRUÇÕES CIVIS, SERVIÇOS DE SANEAMENTO, INDÚSTRIA E COMÉRCIO LTDA",08.386.495/0001-40,1445484161.0
"BIOHIDRO CONSTRUÇÕES CIVIS, SERVIÇOS DE SANEAMENTO, INDÚSTRIA E COMÉRCIO LTDA",08.386.495/0001-40,1441891754.0
"BIOHIDRO CONSTRUÇÕES CIVIS, SERVIÇOS DE SANEAMENTO, INDÚSTRIA E COMÉRCIO LTDA",08.386.495/0001-40,1441912362.0
"BIOHIDRO CONSTRUÇÕES CIVIS, SERVIÇOS DE SANEAMENTO, INDÚSTRIA E COMÉRCIO LTDA",08.386.495/0001-40,1441877727.0
,08.386.495/0001-40,1460006352.0
"BIOHIDRO CONSTRUÇÕES CIVIS, SERVIÇOS DE SANEAMENTO, INDÚSTRIA E COMÉRCIO LTDA",08.386.495/0001-40,1441127730.0
"NOVA ITAIPÚ SERVIÇOS TÉCNICOS DE LIMPEZA, CONSERVAÇÃO E MANUTENÇÃO LTDA",03.394.495/0001-79,1472621753.0
"NOVA ITAIPÚ SERVIÇOS TÉCNICOS DE LIMPEZA, CONSERVAÇÃO E MANUTENÇÃO LTDA",03.394.495/0001-79,1472583385.0
"NOVA ITAIPÚ SERVIÇOS TÉCNICOS DE LIMPEZA, CONSERVAÇÃO E MANUTENÇÃO LTDA",03.394.495/0001-79,1472645028.0
,03.394.495/0001-79,1472570864.0
"NOVA ITAIPÚ SERVIÇOS TÉCNICOS DE LIMPEZA, CONSERVAÇÃO E MANUTENÇÃO LTDA",03.394.495/0001-79,1472658422.0
,00.331.788/0006-23,1472658422.0
"NOVA ITAIPÚ SERVIÇOS TÉCNICOS DE LIMPEZA, CONSERVAÇÃO E MANUTENÇÃO LTDA",03.394.495/0001-79,1472614844.0
,17.489.207/0001-74,1472614844.0
"NOVA ITAIPÚ SERVIÇOS TÉCNICOS DE LIMPEZA, CONSERVAÇÃO E MANUTENÇÃO LTDA",03.394.495/0001-79,1472564295.0
"NOVA ITAIPÚ SERVIÇOS TÉCNICOS DE LIMPEZA, CONSERVAÇÃO E MANUTENÇÃO LTDA",03.394.495/0001-79,1441825261.0
"NOVA ITAIPÚ SERVIÇOS TÉCNICOS DE LIMPEZA, CONSERVAÇÃO E MANUTENÇÃO LTDA",03.394.495/0001-79,1441831115.0
"NOVA ITAIPÚ SERVIÇOS TÉCNICOS DE LIMPEZA, CONSERVAÇÃO E MANUTENÇÃO LTDA",03.394.495/0001-79,1441139754.0
"NOVA ITAIPÚ SERVIÇOS TÉCNICOS DE LIMPEZA, CONSERVAÇÃO E MANUTENÇÃO LTDA",03.394.495/0001-79,1443729126.0
,03.394.495/0001-70,1441805783.0
"NOVA ITAIPÚ SERVIÇOS TÉCNICOS DE LIMPEZA, CONSERVAÇÃO E MANUTENÇÃO LTDA",03.394.495/0001-79,1441867849.0
"NOVA ITAIPÚ SERVIÇOS TÉCNICOS DE LIMPEZA, CONSERVAÇÃO E MANUTENÇÃO LTDA",03.394.495/0001-79,1441906979.0
,03.394.495/0001-79,1441758180.0
"NOVA ITAIPÚ SERVIÇOS TÉCNICOS DE LIMPEZA, CONSERVAÇÃO E MANUTENÇÃO LTDA",03.394.495/0001-79,1441839811.0
"NOVA ITAIPÚ SERVIÇOS TÉCNICOS DE LIMPEZA, CONSERVAÇÃO E MANUTENÇÃO LTDA",03.394.495/0001-79,1443804505.0
,35.780.956/0001-38,1441932515.0
,35.780.956/0001-38,1441872173.0
LIMPATECH SERVIÇOS E CONSTRUÇÕES LTDA,35.780.956/0001-38,1456611864.0
LIMPATECH SERVIÇOS E CONSTRUÇÕES LTDA,35.780.956/0001-38,1457443968.0
,35.780.956/0001-38,1441893883.0
LIMPATECH SERVIÇOS E CONSTRUÇÕES LTDA,35.780.956/0001-38,1441868041.0
LIMPATECH SERVIÇOS E CONSTRUÇÕES LTDA,35.780.956/0001-38,1490872159.0
CONSTRUTORA ZADAR LTDA,30.183.941/0001-79,1441884448.0
CONSTRUTORA ZADAR LTDA,30.183.941/0001-79,1441870165.0
CONSTRUTORA ZADAR LTDA,30.183.941/0001-79,1441915170.0
CONSTRUTORA ZADAR LTDA,30.183.941/0001-79,1455809059.0
CONSTRUTORA ZADAR LTDA,30.183.941/0001-79,1441913675.0
SERVICES E RENT DE MACAÉ LTDA,05.491.379/0001-01,1442569328.0
CONSTRUSAN SERVIÇOS INDUSTRIAIS LTDA,28.955.565/0001-41,1445679730.0
CONSTRUSAN SERVIÇOS INDUSTRIAIS LTDA,28.955.565/0001-41,1445628801.0
CONSTRUSAN SERVIÇOS INDUSTRIAIS LTDA,28.955.565/0001-41,1445668878.0
CONSTRUSAN SERVIÇOS INDUSTRIAIS LTDA,28.955.565/0001-41,1445658426.0
,11.889.780/0001-99,1477056375.0
,11.889.780/0001-99,1484116266.0
,11.889.780/0001-99,1477007160.0
